street,city,zipcode,beds,baths,sq__ft,price
aaaa,bbbb,95838,2,1,836,59222
aaaa,bbbb,95837,3,1,1167,68212
aaaa,bbbb,95836,2,1,796,68880
aaaa,bbbb,95835,2,1,852,69307
aaaa,bbbb,95834,2,1,797,81900
aaaa,bbbb,95833,3,1,1122,89921
aaaa,bbbb,95832,3,2,1104,90895
aaaa,bbbb,95831,3,1,1177,91002
aaaa,bbbb,95830,2,2,941,94905
aaaa,bbbb,95829,3,2,1146,98937
aaaa,bbbb,95828,3,2,909,100309
aaaa,bbbb,95827,3,2,1289,106250
aaaa,bbbb,95826,1,1,871,106852
aaaa,bbbb,95825,3,1,1020,107502
aaaa,bbbb,95824,2,2,1022,108750
aaaa,bbbb,95823,2,2,1134,110700
aaaa,bbbb,95822,2,1,844,113263
aaaa,bbbb,95821,2,1,795,116250
aaaa,bbbb,95820,2,1,588,120000
aaaa,bbbb,95819,3,2,1356,121630
aaaa,bbbb,95818,3,2,1118,122000
aaaa,bbbb,95817,4,2,1329,122682
aaaa,bbbb,95816,4,2,1240,123000
aaaa,bbbb,95815,3,2,1601,124100
aaaa,bbbb,95814,3,2,901,125000
aaaa,bbbb,95813,3,2,1088,126640
aaaa,bbbb,95812,3,1,963,127281
aaaa,bbbb,95811,3,2,1119,129000
aaaa,bbbb,95810,4,2,1380,131200
aaaa,bbbb,95809,3,2,1248,132000
aaaa,bbbb,95808,2,2,1039,133000
aaaa,bbbb,95807,3,2,1152,134555
aaaa,bbbb,95806,3,2,1380,136500
aaaa,bbbb,95805,3,2,1116,138750
aaaa,bbbb,95804,2,2,1039,141000
aaaa,bbbb,95803,3,2,1418,146250
aaaa,bbbb,95802,3,2,1082,147308
aaaa,bbbb,95801,4,2,1472,148750
aaaa,bbbb,95800,4,2,1146,149593
aaaa,bbbb,95799,1,1,760,150000
aaaa,bbbb,95798,2,2,1304,152000
aaaa,bbbb,95797,3,2,1207,154000
aaaa,bbbb,95796,3,2,1056,156896
aaaa,bbbb,95795,2,2,1043,161250
aaaa,bbbb,95794,4,2,1587,161500
aaaa,bbbb,95793,4,1,1120,164000
aaaa,bbbb,95792,4,2,1580,165000
aaaa,bbbb,95791,4,1,1955,166357
aaaa,bbbb,95790,4,2,1656,166357
aaaa,bbbb,95789,3,2,1477,168000
aaaa,bbbb,95788,3,2,1188,170000
aaaa,bbbb,95787,4,2,1590,173000
aaaa,bbbb,95786,3,2,1463,174250
aaaa,bbbb,95785,4,2,1714,174313
aaaa,bbbb,95784,3,2,1185,178480
aaaa,bbbb,95783,3,2,1406,178760
aaaa,bbbb,95782,4,2,1943,179580
aaaa,bbbb,95781,3,2,1172,181000
aaaa,bbbb,95780,3,1,1152,181872
aaaa,bbbb,95779,4,3,1851,182587
aaaa,bbbb,95778,3,2,1215,182716
aaaa,bbbb,95777,3,2,1130,182750
aaaa,bbbb,95776,4,2,1603,183200
aaaa,bbbb,95775,3,1,1479,188741
aaaa,bbbb,95774,3,2,1420,189000
aaaa,bbbb,95773,3,2,1280,192067
aaaa,bbbb,95772,3,2,1586,194000
aaaa,bbbb,95771,3,2,1362,194818
aaaa,bbbb,95770,4,4,2162,195000
aaaa,bbbb,95769,3,2,1266,198000
aaaa,bbbb,95768,4,2,1715,199500
aaaa,bbbb,95767,3,2,1820,200000
aaaa,bbbb,95766,3,1,936,200000
aaaa,bbbb,95765,3,2,1511,208000
aaaa,bbbb,95764,4,2,1590,212864
aaaa,bbbb,95763,4,2,1596,221000
aaaa,bbbb,95762,2,2,1341,221000
aaaa,bbbb,95761,5,3,2136,223058
aaaa,bbbb,95760,4,2,1616,227887
aaaa,bbbb,95759,3,2,1478,231477
aaaa,bbbb,95758,3,2,1287,234697
aaaa,bbbb,95757,4,2,1277,235000
aaaa,bbbb,95756,4,2,1448,236000
aaaa,bbbb,95755,4,3,2235,236685
aaaa,bbbb,95754,3,2,2093,237800
aaaa,bbbb,95753,3,2,1193,240122
aaaa,bbbb,95752,3,2,2163,242638
aaaa,bbbb,95751,3,2,1269,244000
aaaa,bbbb,95750,3,1,958,244960
aaaa,bbbb,95749,5,3,2508,245918
aaaa,bbbb,95748,3,2,1305,250000
aaaa,bbbb,95747,4,2,1591,250000
aaaa,bbbb,95746,2,2,1326,250134
aaaa,bbbb,95745,3,2,1843,254200
aaaa,bbbb,95744,4,2,1921,254200
aaaa,bbbb,95743,5,3,2790,258000
aaaa,bbbb,95742,3,2,1541,260000
aaaa,bbbb,95741,3,1,1018,260014
aaaa,bbbb,95740,3,2,1672,265000
aaaa,bbbb,95739,3,2,1380,265000
aaaa,bbbb,95738,3,1,975,271742
aaaa,bbbb,95737,4,3,2372,273750
aaaa,bbbb,95736,3,2,1446,275086
aaaa,bbbb,95735,2,2,1284,280908
aaaa,bbbb,95734,4,3,3009,280987
aaaa,bbbb,95733,8,4,3612,282400
aaaa,bbbb,95732,4,2,2056,285000
aaaa,bbbb,95731,4,2,1993,287417
aaaa,bbbb,95730,3,2,1857,291000
aaaa,bbbb,95729,2,1,1126,292024
aaaa,bbbb,95728,4,4,2213,297000
aaaa,bbbb,95727,5,3,2494,297000
aaaa,bbbb,95726,3,2,1843,298000
aaaa,bbbb,95725,2,2,1520,299000
aaaa,bbbb,95724,5,3,2800,304037
aaaa,bbbb,95723,4,2,2309,311000
aaaa,bbbb,95722,5,3,2367,315537
aaaa,bbbb,95721,5,4,3516,320000
aaaa,bbbb,95720,4,3,1914,328360
aaaa,bbbb,95719,2,1,1690,334150
aaaa,bbbb,95718,3,3,2725,335750
aaaa,bbbb,95717,4,3,2354,335750
aaaa,bbbb,95716,3,2,2185,344250
aaaa,bbbb,95715,4,2,1801,346210
aaaa,bbbb,95714,3,3,1961,347029
aaaa,bbbb,95713,4,2,3134,347650
aaaa,bbbb,95712,4,3,1915,351300
aaaa,bbbb,95711,4,3,2734,370500
aaaa,bbbb,95710,3,2,2110,372000
aaaa,bbbb,95709,5,3,3164,375000
aaaa,bbbb,95708,5,3,3599,381300
aaaa,bbbb,95707,4,2,2054,381942
aaaa,bbbb,95706,4,2,1830,387731
aaaa,bbbb,95705,3,3,1627,391000
aaaa,bbbb,95704,4,3,3440,394470
aaaa,bbbb,95703,3,2,2846,395000
aaaa,bbbb,95702,4,3,2359,400186
aaaa,bbbb,95701,3,3,2052,415000
aaaa,bbbb,95700,5,3,3433,425000
aaaa,bbbb,95699,5,3,3615,430000
aaaa,bbbb,95698,5,3,2687,460000
aaaa,bbbb,95697,4,3,2724,461000
aaaa,bbbb,95696,4,3,3440,489332
aaaa,bbbb,95695,5,4,3508,510000
aaaa,bbbb,95694,4,2,2462,539000
aaaa,bbbb,95693,3,3,2325,660000
aaaa,bbbb,95692,2,1,795,69000
aaaa,bbbb,95691,4,2,1099,70000
aaaa,bbbb,95690,2,1,840,71000
aaaa,bbbb,95689,2,1,800,78000
aaaa,bbbb,95688,2,1,746,78400
aaaa,bbbb,95687,3,1,1067,80000
aaaa,bbbb,95686,4,2,1316,89000
aaaa,bbbb,95685,3,1,1337,90000
aaaa,bbbb,95684,2,1,868,90000
aaaa,bbbb,95683,3,1,924,92000
aaaa,bbbb,95682,2,1,610,93675
aaaa,bbbb,95681,2,1,1220,98000
aaaa,bbbb,95680,1,1,722,98000
aaaa,bbbb,95679,3,1,1643,99000
aaaa,bbbb,95678,1,1,722,100000
aaaa,bbbb,95677,3,1,1080,106716
aaaa,bbbb,95676,3,1,1039,111000
aaaa,bbbb,95675,3,1,1051,111000
aaaa,bbbb,95674,2,2,967,114800
aaaa,bbbb,95673,3,1,1098,120108
aaaa,bbbb,95672,3,1,1050,123225
aaaa,bbbb,95671,3,2,1110,123750
aaaa,bbbb,95670,3,1,888,125000
aaaa,bbbb,95669,3,2,1120,125000
aaaa,bbbb,95668,3,2,1080,126000
aaaa,bbbb,95667,3,1,957,129000
aaaa,bbbb,95666,2,1,952,134000
aaaa,bbbb,95665,3,2,1211,135000
aaaa,bbbb,95664,3,2,1264,135500
aaaa,bbbb,95663,3,1,1080,140000
aaaa,bbbb,95662,3,2,1266,140000
aaaa,bbbb,95661,2,2,994,142500
aaaa,bbbb,95660,3,2,1202,143500
aaaa,bbbb,95659,2,1,722,145000
aaaa,bbbb,95658,4,2,1448,145000
aaaa,bbbb,95657,3,2,1188,145000
aaaa,bbbb,95656,4,2,1183,146000
aaaa,bbbb,95655,3,1,1320,148500
aaaa,bbbb,95654,3,2,1117,149000
aaaa,bbbb,95653,3,2,1364,150000
aaaa,bbbb,95652,4,2,1310,150000
aaaa,bbbb,95651,2,2,1006,152000
aaaa,bbbb,95650,3,2,1104,156000
aaaa,bbbb,95649,2,1,810,156000
aaaa,bbbb,95648,2,2,1123,156000
aaaa,bbbb,95647,2,1,904,157788
aaaa,bbbb,95646,3,2,1156,161653
aaaa,bbbb,95645,2,1,1321,161829
aaaa,bbbb,95644,3,2,1392,165000
aaaa,bbbb,95643,3,2,1439,168000
aaaa,bbbb,95642,3,2,1159,169000
aaaa,bbbb,95641,3,2,1671,175000
aaaa,bbbb,95640,3,2,1740,176250
aaaa,bbbb,95639,3,2,1265,179000
aaaa,bbbb,95638,2,2,1007,180000
aaaa,bbbb,95637,3,2,1716,180400
aaaa,bbbb,95636,4,2,1685,182000
aaaa,bbbb,95635,4,2,1829,184500
aaaa,bbbb,95634,3,2,1555,185000
aaaa,bbbb,95633,4,2,1120,189000
aaaa,bbbb,95632,3,2,1137,194000
aaaa,bbbb,95631,3,1,1174,195000
aaaa,bbbb,95630,3,2,1393,200000
aaaa,bbbb,95629,3,2,1289,205000
aaaa,bbbb,95628,4,2,1799,205000
aaaa,bbbb,95627,4,3,1953,205000
aaaa,bbbb,95626,2,1,723,207000
aaaa,bbbb,95625,2,1,948,211500
aaaa,bbbb,95624,4,2,1578,215000
aaaa,bbbb,95623,3,2,1317,215000
aaaa,bbbb,95622,3,1,1360,222381
aaaa,bbbb,95621,3,2,1522,225000
aaaa,bbbb,95620,4,2,1751,225000
aaaa,bbbb,95619,3,2,1465,225000
aaaa,bbbb,95618,4,2,1605,228000
aaaa,bbbb,95617,4,2,1475,229665
aaaa,bbbb,95616,3,1,1216,230000
aaaa,bbbb,95615,2,2,1315,230000
aaaa,bbbb,95614,3,2,1567,230000
aaaa,bbbb,95613,3,2,1776,234000
aaaa,bbbb,95612,3,2,2187,235000
aaaa,bbbb,95611,3,1,1291,236250
aaaa,bbbb,95610,3,2,1503,245000
aaaa,bbbb,95609,4,3,2491,245000
aaaa,bbbb,95608,2,1,1269,245000
aaaa,bbbb,95607,3,2,1176,250000
aaaa,bbbb,95606,4,2,1456,250000
aaaa,bbbb,95605,3,2,1498,250000
aaaa,bbbb,95604,3,2,1574,255000
aaaa,bbbb,95603,5,4,2085,256054
aaaa,bbbb,95602,3,2,2170,257729
aaaa,bbbb,95601,4,2,1595,260000
aaaa,bbbb,95600,3,2,1567,261000
aaaa,bbbb,95599,4,2,1253,264469
aaaa,bbbb,95598,4,3,1768,265000
aaaa,bbbb,95597,4,3,2030,270000
aaaa,bbbb,95596,3,2,1531,270000
aaaa,bbbb,95595,4,3,1653,275000
aaaa,bbbb,95594,4,2,2056,275000
aaaa,bbbb,95593,4,3,2494,280000
aaaa,bbbb,95592,3,2,1450,286013
aaaa,bbbb,95591,4,2,2169,292000
aaaa,bbbb,95590,3,2,1440,292000
aaaa,bbbb,95589,3,2,1527,293993
aaaa,bbbb,95588,3,2,1401,294000
aaaa,bbbb,95587,3,2,1411,296769
aaaa,bbbb,95586,3,1,1284,300000
aaaa,bbbb,95585,4,3,2307,300000
aaaa,bbbb,95584,3,2,1329,300000
aaaa,bbbb,95583,4,2,1910,300500
aaaa,bbbb,95582,3,2,1981,305000
aaaa,bbbb,95581,4,2,2205,319789
aaaa,bbbb,95580,2,2,1449,330000
aaaa,bbbb,95579,3,2,1258,330000
aaaa,bbbb,95578,3,2,2575,331000
aaaa,bbbb,95577,2,1,539,334000
aaaa,bbbb,95576,4,3,2208,336000
aaaa,bbbb,95575,3,1,1108,339000
aaaa,bbbb,95574,4,2,1595,339000
aaaa,bbbb,95573,4,2,2159,345000
aaaa,bbbb,95572,4,3,2295,350000
aaaa,bbbb,95571,3,2,1838,356000
aaaa,bbbb,95570,4,2,1900,361745
aaaa,bbbb,95569,4,2,1718,361948
aaaa,bbbb,95568,5,3,3389,370000
aaaa,bbbb,95567,5,4,3260,385000
aaaa,bbbb,95566,3,2,2016,399000
aaaa,bbbb,95565,4,2,2607,402000
aaaa,bbbb,95564,4,3,2724,406026
aaaa,bbbb,95563,5,4,3746,420000
aaaa,bbbb,95562,4,2,3192,425000
aaaa,bbbb,95561,2,1,1247,445000
aaaa,bbbb,95560,4,2,2581,450000
aaaa,bbbb,95559,3,1,2068,460000
aaaa,bbbb,95558,4,3,3992,460000
aaaa,bbbb,95557,4,4,3397,465000
aaaa,bbbb,95556,5,3,3881,471750
aaaa,bbbb,95555,2,2,1598,484000
aaaa,bbbb,95554,4,3,1929,485000
aaaa,bbbb,95553,4,3,3070,495000
aaaa,bbbb,95552,5,3,3984,572500
aaaa,bbbb,95551,4,2,2222,582000
aaaa,bbbb,95550,4,3,3838,613401
aaaa,bbbb,95549,5,5,2846,680000
aaaa,bbbb,95548,5,2,2484,699000
aaaa,bbbb,95547,4,4,1624,839000
aaaa,bbbb,95546,3,1,970,61500
aaaa,bbbb,95545,2,1,623,62050
aaaa,bbbb,95544,2,1,932,65000
aaaa,bbbb,95543,2,1,796,65000
aaaa,bbbb,95542,2,1,834,68000
aaaa,bbbb,95541,2,1,834,68000
aaaa,bbbb,95540,2,1,924,77000
aaaa,bbbb,95539,2,1,795,82732
aaaa,bbbb,95538,3,1,1250,84000
aaaa,bbbb,95537,2,1,984,84675
aaaa,bbbb,95536,3,1,1013,85000
aaaa,bbbb,95535,3,1,1012,90000
aaaa,bbbb,95534,2,1,795,90000
aaaa,bbbb,95533,2,2,918,91000
aaaa,bbbb,95532,3,1,1082,95000
aaaa,bbbb,95531,2,1,964,97500
aaaa,bbbb,95530,4,2,1404,100000
aaaa,bbbb,95529,1,1,625,100000
aaaa,bbbb,95528,2,1,888,101000
aaaa,bbbb,95527,4,2,1120,102750
aaaa,bbbb,95526,3,1,1331,112500
aaaa,bbbb,95525,3,1,1014,113000
aaaa,bbbb,95524,4,2,1448,114000
aaaa,bbbb,95523,3,1,966,114000
aaaa,bbbb,95522,2,1,779,114750
aaaa,bbbb,95521,2,2,836,115000
aaaa,bbbb,95520,2,2,1100,115000
aaaa,bbbb,95519,3,1,1174,116100
aaaa,bbbb,95518,3,2,1207,119250
aaaa,bbbb,95517,4,4,1995,120000
aaaa,bbbb,95516,2,1,804,120000
aaaa,bbbb,95515,2,2,958,120000
aaaa,bbbb,95514,3,2,1366,120108
aaaa,bbbb,95513,2,2,901,121500
aaaa,bbbb,95512,3,1,696,121725
aaaa,bbbb,95511,3,2,1080,122000
aaaa,bbbb,95510,3,2,1104,123000
aaaa,bbbb,95509,2,1,972,125000
aaaa,bbbb,95508,4,2,1390,125573
aaaa,bbbb,95507,4,2,1354,126714
aaaa,bbbb,95506,2,1,795,126960
aaaa,bbbb,95505,2,1,780,127000
aaaa,bbbb,95504,4,2,1587,127500
aaaa,bbbb,95503,3,2,1209,130000
aaaa,bbbb,95502,2,1,1139,133105
aaaa,bbbb,95501,2,2,1690,136500
aaaa,bbbb,95500,3,2,1245,139500
aaaa,bbbb,95499,3,2,1416,140000
aaaa,bbbb,95498,3,2,1300,140800
aaaa,bbbb,95497,3,2,1120,145000
aaaa,bbbb,95496,4,2,1590,147000
aaaa,bbbb,95495,3,2,1407,149600
aaaa,bbbb,95494,5,2,1516,150000
aaaa,bbbb,95493,3,2,1646,150000
aaaa,bbbb,95492,3,2,1676,155000
aaaa,bbbb,95491,3,2,1370,155435
aaaa,bbbb,95490,3,2,1370,155500
aaaa,bbbb,95489,4,2,1351,158000
aaaa,bbbb,95488,3,2,1152,158000
aaaa,bbbb,95487,3,2,1452,160000
aaaa,bbbb,95486,2,1,990,160000
aaaa,bbbb,95485,2,2,1162,164000
aaaa,bbbb,95484,3,2,1182,164000
aaaa,bbbb,95483,2,2,1112,165000
aaaa,bbbb,95482,3,2,1100,167000
aaaa,bbbb,95481,4,2,1280,167293
aaaa,bbbb,95480,4,2,1280,167293
aaaa,bbbb,95479,3,1,1039,168000
aaaa,bbbb,95478,3,2,1159,170000
aaaa,bbbb,95477,4,2,1917,170000
aaaa,bbbb,95476,3,2,1520,170000
aaaa,bbbb,95475,3,2,1204,174000
aaaa,bbbb,95474,3,2,1120,178000
aaaa,bbbb,95473,3,2,1436,180000
aaaa,bbbb,95472,3,2,1451,180000
aaaa,bbbb,95471,4,2,1638,180000
aaaa,bbbb,95470,2,2,1000,182000
aaaa,bbbb,95469,3,1,1152,188325
aaaa,bbbb,95468,3,2,1154,191500
aaaa,bbbb,95467,3,2,1353,192000
aaaa,bbbb,95466,3,2,1329,192700
aaaa,bbbb,95465,3,1,1356,195000
aaaa,bbbb,95464,3,2,1505,197654
aaaa,bbbb,95463,3,1,1009,198000
aaaa,bbbb,95462,3,2,1144,200345
aaaa,bbbb,95461,2,1,930,203000
aaaa,bbbb,95460,4,2,1766,207000
aaaa,bbbb,95459,4,3,1940,208000
aaaa,bbbb,95458,4,2,1776,210000
aaaa,bbbb,95457,3,1,1258,212000
aaaa,bbbb,95456,4,2,1872,213675
aaaa,bbbb,95455,2,2,1112,213697
aaaa,bbbb,95454,4,2,1856,215000
aaaa,bbbb,95453,4,3,1939,215000
aaaa,bbbb,95452,3,1,998,215100
aaaa,bbbb,95451,3,2,1758,217500
aaaa,bbbb,95450,3,2,2142,218000
aaaa,bbbb,95449,2,1,950,220000
aaaa,bbbb,95448,4,3,1739,221000
aaaa,bbbb,95447,3,2,1516,222900
aaaa,bbbb,95446,3,1,988,223139
aaaa,bbbb,95445,4,2,1555,225500
aaaa,bbbb,95444,3,2,1212,228327
aaaa,bbbb,95443,4,2,1871,230000
aaaa,bbbb,95442,3,2,1302,230000
aaaa,bbbb,95441,2,1,756,230522
aaaa,bbbb,95440,4,3,2026,231200
aaaa,bbbb,95439,3,2,1375,232000
aaaa,bbbb,95438,2,2,1250,232500
aaaa,bbbb,95437,3,1,1058,233641
aaaa,bbbb,95436,3,2,1187,234000
aaaa,bbbb,95435,2,2,1324,234500
aaaa,bbbb,95434,4,3,1936,235000
aaaa,bbbb,95433,5,4,2382,236000
aaaa,bbbb,95432,3,2,1427,236073
aaaa,bbbb,95431,3,2,1678,238000
aaaa,bbbb,95430,4,2,1798,238861
aaaa,bbbb,95429,4,3,2652,239700
aaaa,bbbb,95428,4,2,1816,240000
aaaa,bbbb,95427,5,3,3076,240000
aaaa,bbbb,95426,4,2,1844,241000
aaaa,bbbb,95425,3,2,1306,245000
aaaa,bbbb,95424,4,3,2447,246000
aaaa,bbbb,95423,4,2,1176,247234
aaaa,bbbb,95422,4,2,1182,247480
aaaa,bbbb,95421,3,1,1160,249862
aaaa,bbbb,95420,3,2,1424,251000
aaaa,bbbb,95419,4,2,1574,252155
aaaa,bbbb,95418,3,2,1830,254172
aaaa,bbbb,95417,4,2,1724,258000
aaaa,bbbb,95416,2,2,1255,260000
aaaa,bbbb,95415,4,3,2175,261000
aaaa,bbbb,95414,4,2,1904,261000
aaaa,bbbb,95413,4,2,1808,262500
aaaa,bbbb,95412,4,2,2711,266000
aaaa,bbbb,95411,3,1,1713,266000
aaaa,bbbb,95410,3,2,1457,270000
aaaa,bbbb,95409,4,3,2724,274425
aaaa,bbbb,95408,3,2,1468,275336
aaaa,bbbb,95407,4,3,2550,277980
aaaa,bbbb,95406,4,2,1928,280000
aaaa,bbbb,95405,3,3,1922,284686
aaaa,bbbb,95404,3,2,1343,284893
aaaa,bbbb,95403,3,2,1510,285000
aaaa,bbbb,95402,2,2,960,285000
aaaa,bbbb,95401,4,2,1559,285000
aaaa,bbbb,95400,3,2,1624,289000
aaaa,bbbb,95399,5,3,2992,295000
aaaa,bbbb,95398,4,2,2109,296000
aaaa,bbbb,95397,4,2,1524,296056
aaaa,bbbb,95396,3,2,1248,297359
aaaa,bbbb,95395,4,2,1876,299940
aaaa,bbbb,95394,4,3,1851,305000
aaaa,bbbb,95393,4,2,2218,311328
aaaa,bbbb,95392,3,2,1394,313138
aaaa,bbbb,95391,3,2,1410,316630
aaaa,bbbb,95390,5,3,3468,320000
aaaa,bbbb,95389,5,3,2346,320000
aaaa,bbbb,95388,5,3,2347,325000
aaaa,bbbb,95387,4,2,1659,328578
aaaa,bbbb,95386,3,3,2442,331000
aaaa,bbbb,95385,4,2,2155,340000
aaaa,bbbb,95384,3,2,1810,345746
aaaa,bbbb,95383,4,2,2789,351000
aaaa,bbbb,95382,4,2,1606,353767
aaaa,bbbb,95381,4,2,2166,356035
aaaa,bbbb,95380,4,2,1871,360552
aaaa,bbbb,95379,3,2,1800,362305
aaaa,bbbb,95378,3,1,1683,365000
aaaa,bbbb,95377,2,2,1596,370000
aaaa,bbbb,95376,3,2,1179,378000
aaaa,bbbb,95375,3,1,1639,388000
aaaa,bbbb,95374,5,3,3281,395100
aaaa,bbbb,95373,3,2,1697,400000
aaaa,bbbb,95372,4,3,2085,408431
aaaa,bbbb,95371,4,2,1744,416767
aaaa,bbbb,95370,4,3,1939,423000
aaaa,bbbb,95369,2,3,1788,427500
aaaa,bbbb,95368,3,2,1691,430922
aaaa,bbbb,95367,4,2,2002,445000
aaaa,bbbb,95366,4,4,4303,450000
aaaa,bbbb,95365,5,3,4246,452000
aaaa,bbbb,95364,3,2,2274,470000
aaaa,bbbb,95363,4,4,3056,475000
aaaa,bbbb,95362,3,3,2503,484500
aaaa,bbbb,95361,3,2,1905,500000
aaaa,bbbb,95360,3,2,1320,506688
aaaa,bbbb,95359,4,2,3037,528000
aaaa,bbbb,95358,5,2,3741,579093
aaaa,bbbb,95357,4,3,2660,636000
aaaa,bbbb,95356,4,3,3357,668365
aaaa,bbbb,95355,5,3,2896,676200
aaaa,bbbb,95354,3,2,2025,677048
aaaa,bbbb,95353,5,3,3788,691659
aaaa,bbbb,95352,5,3,3670,760000
aaaa,bbbb,95351,2,1,838,55422
aaaa,bbbb,95350,2,1,904,63000
aaaa,bbbb,95349,2,1,1032,65000
aaaa,bbbb,95348,2,1,904,65000
aaaa,bbbb,95347,2,1,1080,65000
aaaa,bbbb,95346,2,2,990,66500
aaaa,bbbb,95345,2,1,900,71000
aaaa,bbbb,95344,2,1,861,75000
aaaa,bbbb,95343,2,1,906,77000
aaaa,bbbb,95342,2,1,1011,85000
aaaa,bbbb,95341,3,2,1089,95625
aaaa,bbbb,95340,2,1,832,96140
aaaa,bbbb,95339,2,1,800,104250
aaaa,bbbb,95338,4,2,1292,105000
aaaa,bbbb,95337,2,1,810,108000
aaaa,bbbb,95336,4,2,1064,109000
aaaa,bbbb,95335,2,1,911,115000
aaaa,bbbb,95334,1,1,846,115000
aaaa,bbbb,95333,3,2,1320,115500
aaaa,bbbb,95332,3,2,1410,115620
aaaa,bbbb,95331,3,2,1115,116000
aaaa,bbbb,95330,3,2,1169,122000
aaaa,bbbb,95329,3,2,1164,122500
aaaa,bbbb,95328,4,2,1341,123000
aaaa,bbbb,95327,3,2,1219,124000
aaaa,bbbb,95326,4,2,1127,124000
aaaa,bbbb,95325,3,2,1272,124413
aaaa,bbbb,95324,4,2,1253,125000
aaaa,bbbb,95323,3,2,1120,130000
aaaa,bbbb,95322,2,2,1118,131750
aaaa,bbbb,95321,4,3,1890,137721
aaaa,bbbb,95320,3,2,1260,137760
aaaa,bbbb,95319,3,2,1400,138000
aaaa,bbbb,95318,3,1,1264,140000
aaaa,bbbb,95317,3,1,1060,145000
aaaa,bbbb,95316,2,2,1132,145000
aaaa,bbbb,95315,3,2,1466,150000
aaaa,bbbb,95314,3,2,1092,150000
aaaa,bbbb,95313,4,2,1628,151000
aaaa,bbbb,95312,3,2,960,155000
aaaa,bbbb,95311,3,2,1075,155800
aaaa,bbbb,95310,3,2,1428,156142
aaaa,bbbb,95309,4,2,1358,158000
aaaa,bbbb,95308,6,4,2475,159900
aaaa,bbbb,95307,3,2,1410,160000
aaaa,bbbb,95306,3,2,1711,161500
aaaa,bbbb,95305,4,2,1483,161600
aaaa,bbbb,95304,3,2,1140,162000
aaaa,bbbb,95303,4,2,1549,165000
aaaa,bbbb,95302,3,2,1410,165000
aaaa,bbbb,95301,3,2,1240,167293
aaaa,bbbb,95300,5,2,1712,168000
aaaa,bbbb,95299,4,2,1580,168000
aaaa,bbbb,95298,3,2,1669,168750
aaaa,bbbb,95297,3,1,1029,168750
aaaa,bbbb,95296,3,1,1103,170000
aaaa,bbbb,95295,3,2,2161,170250
aaaa,bbbb,95294,3,2,1650,173000
aaaa,bbbb,95293,3,1,1320,175000
aaaa,bbbb,95292,3,2,1200,176095
aaaa,bbbb,95291,3,2,1170,176250
aaaa,bbbb,95290,3,2,1199,178000
aaaa,bbbb,95289,4,2,1695,179000
aaaa,bbbb,95288,3,2,1157,180000
aaaa,bbbb,95287,3,2,1410,180000
aaaa,bbbb,95286,3,2,1174,180000
aaaa,bbbb,95285,3,2,1593,181000
aaaa,bbbb,95284,3,2,1093,182000
aaaa,bbbb,95283,3,2,1770,182587
aaaa,bbbb,95282,4,2,1436,185074
aaaa,bbbb,95281,3,2,1124,185833
aaaa,bbbb,95280,4,2,1139,186785
aaaa,bbbb,95279,3,2,1638,187000
aaaa,bbbb,95278,3,2,1328,188335
aaaa,bbbb,95277,3,2,1273,190000
aaaa,bbbb,95276,3,1,1082,190000
aaaa,bbbb,95275,4,2,1578,190000
aaaa,bbbb,95274,2,1,796,190000
aaaa,bbbb,95273,3,2,1386,191250
aaaa,bbbb,95272,3,2,1452,193000
aaaa,bbbb,95271,3,2,1513,193500
aaaa,bbbb,95270,4,2,1578,195000
aaaa,bbbb,95269,4,3,1736,195000
aaaa,bbbb,95268,3,1,1473,195000
aaaa,bbbb,95267,3,1,1150,198000
aaaa,bbbb,95266,3,2,1127,199900
aaaa,bbbb,95265,3,1,1144,200000
aaaa,bbbb,95264,3,1,972,201000
aaaa,bbbb,95263,4,2,2306,204918
aaaa,bbbb,95262,3,2,1479,205000
aaaa,bbbb,95261,2,1,1040,205000
aaaa,bbbb,95260,3,2,1430,205878
aaaa,bbbb,95259,4,2,1800,207000
aaaa,bbbb,95258,4,2,1953,207744
aaaa,bbbb,95257,3,2,1120,209000
aaaa,bbbb,95256,3,2,1232,210000
aaaa,bbbb,95255,1,1,984,210944
aaaa,bbbb,95254,4,2,2329,213750
aaaa,bbbb,95253,3,2,1351,215000
aaaa,bbbb,95252,4,1,1376,215000
aaaa,bbbb,95251,3,2,1300,216033
aaaa,bbbb,95250,4,2,1566,220000
aaaa,bbbb,95249,2,1,1115,220000
aaaa,bbbb,95248,2,1,1032,220000
aaaa,bbbb,95247,4,2,1419,220000
aaaa,bbbb,95246,3,2,1261,220000
aaaa,bbbb,95245,2,2,1637,220702
aaaa,bbbb,95244,4,2,1776,221250
aaaa,bbbb,95243,3,2,1338,222000
aaaa,bbbb,95242,5,2,2254,222750
aaaa,bbbb,95241,3,2,1441,225000
aaaa,bbbb,95240,4,2,1991,225000
aaaa,bbbb,95239,4,3,2126,228750
aaaa,bbbb,95238,3,2,1094,229000
aaaa,bbbb,95237,3,2,1462,230095
aaaa,bbbb,95236,5,3,2258,232500
aaaa,bbbb,95235,3,2,1074,233000
aaaa,bbbb,95234,4,2,2111,233500
aaaa,bbbb,95233,3,2,1686,239000
aaaa,bbbb,95232,4,3,1915,240000
aaaa,bbbb,95231,4,2,2367,240000
aaaa,bbbb,95230,3,2,1962,240971
aaaa,bbbb,95229,2,2,1406,242000
aaaa,bbbb,95228,3,2,1789,243450
aaaa,bbbb,95227,4,2,1876,243500
aaaa,bbbb,95226,3,2,1235,246544
aaaa,bbbb,95225,4,2,2504,246750
aaaa,bbbb,95224,3,2,1676,247000
aaaa,bbbb,95223,3,2,1367,249000
aaaa,bbbb,95222,4,3,1899,249000
aaaa,bbbb,95221,3,2,1636,250000
aaaa,bbbb,95220,3,2,1828,250000
aaaa,bbbb,95219,4,2,1438,252000
aaaa,bbbb,95218,3,2,1451,255000
aaaa,bbbb,95217,3,1,1520,255000
aaaa,bbbb,95216,3,2,1506,255000
aaaa,bbbb,95215,4,2,2605,257200
aaaa,bbbb,95214,3,2,1196,260000
aaaa,bbbb,95213,3,2,1621,260000
aaaa,bbbb,95212,3,2,1811,263500
aaaa,bbbb,95211,3,2,1540,266510
aaaa,bbbb,95210,3,2,1543,275000
aaaa,bbbb,95209,5,3,2494,276000
aaaa,bbbb,95208,3,2,1650,276500
aaaa,bbbb,95207,4,3,2214,278000
aaaa,bbbb,95206,5,3,2280,279000
aaaa,bbbb,95205,3,2,1443,280000
aaaa,bbbb,95204,4,2,1582,280000
aaaa,bbbb,95203,3,2,1857,285000
aaaa,bbbb,95202,3,2,1735,288000
aaaa,bbbb,95201,4,3,2096,289000
aaaa,bbbb,95200,3,2,1720,290000
aaaa,bbbb,95199,4,2,2160,290000
aaaa,bbbb,95198,4,2,1382,293996
aaaa,bbbb,95197,4,2,1721,294173
aaaa,bbbb,95196,4,2,1328,295000
aaaa,bbbb,95195,4,2,1982,298000
aaaa,bbbb,95194,2,1,1144,299000
aaaa,bbbb,95193,2,2,1623,300000
aaaa,bbbb,95192,3,2,1457,300000
aaaa,bbbb,95191,6,3,2555,300000
aaaa,bbbb,95190,3,2,1577,300567
aaaa,bbbb,95189,5,3,2592,303000
aaaa,bbbb,95188,3,2,1401,305000
aaaa,bbbb,95187,3,2,1502,310000
aaaa,bbbb,95186,3,2,1327,310000
aaaa,bbbb,95185,4,3,1800,310000
aaaa,bbbb,95184,4,2,2169,311518
aaaa,bbbb,95183,5,3,2457,312000
aaaa,bbbb,95182,4,2,2004,315000
aaaa,bbbb,95181,4,3,2212,315000
aaaa,bbbb,95180,5,3,3134,315000
aaaa,bbbb,95179,3,2,1360,315000
aaaa,bbbb,95178,3,2,1276,320000
aaaa,bbbb,95177,4,3,2962,322000
aaaa,bbbb,95176,4,2,1888,325000
aaaa,bbbb,95175,3,2,1548,328370
aaaa,bbbb,95174,4,3,2109,330000
aaaa,bbbb,95173,4,2,2484,331200
aaaa,bbbb,95172,4,3,2258,332000
aaaa,bbbb,95171,3,3,2212,334000
aaaa,bbbb,95170,3,2,1616,335000
aaaa,bbbb,95169,4,2,2372,341000
aaaa,bbbb,95168,5,3,2606,346375
aaaa,bbbb,95167,5,3,2877,349000
aaaa,bbbb,95166,3,2,2960,350000
aaaa,bbbb,95165,3,2,2172,350000
aaaa,bbbb,95164,3,2,2100,350000
aaaa,bbbb,95163,3,2,1795,351000
aaaa,bbbb,95162,4,2,2295,360000
aaaa,bbbb,95161,4,3,2577,367463
aaaa,bbbb,95160,3,1,1727,380000
aaaa,bbbb,95159,3,2,1485,380578
aaaa,bbbb,95158,3,2,1655,386222
aaaa,bbbb,95157,3,2,2049,395500
aaaa,bbbb,95156,5,3,2875,397000
aaaa,bbbb,95155,4,2,2199,400000
aaaa,bbbb,95154,2,1,1304,413500
aaaa,bbbb,95153,3,2,2334,415000
aaaa,bbbb,95152,4,3,2278,420454
aaaa,bbbb,95151,3,1,1493,425000
aaaa,bbbb,95150,5,3,2787,441000
aaaa,bbbb,95149,5,3,2824,445000
aaaa,bbbb,95148,4,3,3261,446000
aaaa,bbbb,95147,4,2,2053,450000
aaaa,bbbb,95146,4,3,2379,455000
aaaa,bbbb,95145,3,2,3173,525000
aaaa,bbbb,95144,3,1,1348,545000
aaaa,bbbb,95143,2,1,1252,575000
aaaa,bbbb,95142,4,3,3229,575000
aaaa,bbbb,95141,5,4,3863,598695
aaaa,bbbb,95140,4,3,2356,600000
aaaa,bbbb,95139,5,3,3579,610000
aaaa,bbbb,95138,4,3,4400,884790
aaaa,bbbb,95137,4,2,1512,56950
aaaa,bbbb,95136,1,1,611,60000
aaaa,bbbb,95135,2,1,876,61000
aaaa,bbbb,95134,2,1,933,62000
aaaa,bbbb,95133,2,1,864,68566
aaaa,bbbb,95132,2,1,1011,70000
aaaa,bbbb,95131,4,2,1158,80000
aaaa,bbbb,95130,3,2,1092,85500
aaaa,bbbb,95129,2,1,956,92000
aaaa,bbbb,95128,2,2,1139,93600
aaaa,bbbb,95127,3,1,1058,95000
aaaa,bbbb,95126,3,2,1040,97750
aaaa,bbbb,95125,3,2,1354,104000
aaaa,bbbb,95124,3,1,1051,105000
aaaa,bbbb,95123,1,1,682,107666
aaaa,bbbb,95122,3,1,1161,109000
aaaa,bbbb,95121,3,1,1004,110000
aaaa,bbbb,95120,3,1,1229,110000
aaaa,bbbb,95119,3,2,1249,112500
aaaa,bbbb,95118,3,2,1161,114800
aaaa,bbbb,95117,3,1,1010,116000
aaaa,bbbb,95116,4,2,1462,121500
aaaa,bbbb,95115,3,2,1269,122000
aaaa,bbbb,95114,2,2,1188,123675
aaaa,bbbb,95113,4,2,1570,126854
aaaa,bbbb,95112,3,2,1093,127059
aaaa,bbbb,95111,3,1,962,128687
aaaa,bbbb,95110,3,2,1089,129500
aaaa,bbbb,95109,3,2,1127,130000
aaaa,bbbb,95108,4,2,1309,131750
aaaa,bbbb,95107,2,1,970,132000
aaaa,bbbb,95106,3,2,1144,134000
aaaa,bbbb,95105,3,1,1000,134000
aaaa,bbbb,95104,3,2,1206,142000
aaaa,bbbb,95103,3,1,1285,143012
aaaa,bbbb,95102,3,2,1543,145846
aaaa,bbbb,95101,2,1,884,147000
aaaa,bbbb,95100,3,1,1019,148750
aaaa,bbbb,95099,4,2,1392,150000
aaaa,bbbb,95098,2,1,924,150454
aaaa,bbbb,95097,3,2,1217,151087
aaaa,bbbb,95096,3,2,1670,157296
aaaa,bbbb,95095,3,2,1302,157500
aaaa,bbbb,95094,3,2,1488,160000
aaaa,bbbb,95093,3,2,1373,160000
aaaa,bbbb,95092,4,2,1381,161250
aaaa,bbbb,95091,3,2,1265,164000
aaaa,bbbb,95090,2,1,881,165000
aaaa,bbbb,95089,4,2,1608,165750
aaaa,bbbb,95088,3,1,1344,166000
aaaa,bbbb,95087,3,2,1202,169000
aaaa,bbbb,95086,3,2,1104,170000
aaaa,bbbb,95085,4,2,1859,170000
aaaa,bbbb,95084,3,2,1232,170000
aaaa,bbbb,95083,3,1,1638,170725
aaaa,bbbb,95082,2,2,1177,171750
aaaa,bbbb,95081,3,2,1582,172000
aaaa,bbbb,95080,2,2,904,173056
aaaa,bbbb,95079,3,2,1340,174000
aaaa,bbbb,95078,3,2,1204,174250
aaaa,bbbb,95077,4,2,1477,176850
aaaa,bbbb,95076,4,2,1497,179500
aaaa,bbbb,95075,3,1,960,185000
aaaa,bbbb,95074,3,2,1428,188700
aaaa,bbbb,95073,3,1,1039,189000
aaaa,bbbb,95072,3,1,1529,189000
aaaa,bbbb,95071,4,3,1892,189836
aaaa,bbbb,95070,4,2,1887,190000
aaaa,bbbb,95069,3,2,1294,191250
aaaa,bbbb,95068,3,2,1638,191675
aaaa,bbbb,95067,3,2,1677,195500
aaaa,bbbb,95066,3,1,1073,198000
aaaa,bbbb,95065,3,2,1231,200000
aaaa,bbbb,95064,3,2,1175,200000
aaaa,bbbb,95063,3,2,1416,200000
aaaa,bbbb,95062,3,2,1358,201528
aaaa,bbbb,95061,4,2,1609,204750
aaaa,bbbb,95060,4,3,1968,205000
aaaa,bbbb,95059,2,2,1089,205000
aaaa,bbbb,95058,3,2,1296,205900
aaaa,bbbb,95057,2,2,1189,207000
aaaa,bbbb,95056,2,1,795,207973
aaaa,bbbb,95055,3,2,1371,208250
aaaa,bbbb,95054,3,1,1310,208318
aaaa,bbbb,95053,3,2,1262,209347
aaaa,bbbb,95052,4,2,1740,211500
aaaa,bbbb,95051,3,2,1517,212000
aaaa,bbbb,95050,3,2,1450,213000
aaaa,bbbb,95049,3,2,1416,216000
aaaa,bbbb,95048,3,1,888,216021
aaaa,bbbb,95047,3,2,1882,219000
aaaa,bbbb,95046,3,2,1302,219794
aaaa,bbbb,95045,3,2,1418,220000
aaaa,bbbb,95044,4,2,1319,220000
aaaa,bbbb,95043,4,2,1770,220000
aaaa,bbbb,95042,4,2,1627,223000
aaaa,bbbb,95041,3,1,1040,224000
aaaa,bbbb,95040,3,1,960,224252
aaaa,bbbb,95039,3,1,1456,225000
aaaa,bbbb,95038,3,2,1450,228000
aaaa,bbbb,95037,3,2,1358,229027
aaaa,bbbb,95036,4,2,1329,229500
aaaa,bbbb,95035,4,2,1715,230000
aaaa,bbbb,95034,3,2,1262,230000
aaaa,bbbb,95033,4,3,2280,232425
aaaa,bbbb,95032,3,2,1477,234000
aaaa,bbbb,95031,3,2,1216,235000
aaaa,bbbb,95030,4,2,1685,235301
aaaa,bbbb,95029,3,2,1362,235738
aaaa,bbbb,95028,3,3,2112,400000
aaaa,bbbb,95027,3,2,1200,255000
aaaa,bbbb,95026,3,3,2280,440000
aaaa,bbbb,95025,3,2,1272,175000
aaaa,bbbb,95024,3,3,1409,104000
aaaa,bbbb,95023,3,2,2414,406000
aaaa,bbbb,95022,3,2,2034,205000
aaaa,bbbb,95021,3,1,1226,211500
aaaa,bbbb,95020,3,3,1802,330000
aaaa,bbbb,95019,3,2,1300,219000
aaaa,bbbb,95018,4,3,3054,480000
aaaa,bbbb,95017,3,2,2192,335000
aaaa,bbbb,95016,3,2,1838,249500
aaaa,bbbb,95015,3,2,1560,204000
aaaa,bbbb,95014,3,2,1508,216400
aaaa,bbbb,95013,2,2,1214,174400
aaaa,bbbb,95012,3,2,1216,218000
aaaa,bbbb,95011,3,3,1976,225000
aaaa,bbbb,95010,2,3,1763,260000
aaaa,bbbb,95009,3,3,2208,192000
aaaa,bbbb,95008,3,3,1212,165000
aaaa,bbbb,95007,2,2,1704,236000
aaaa,bbbb,95006,3,2,1344,132500
aaaa,bbbb,95005,3,2,1323,126400
aaaa,bbbb,95004,3,3,1680,261500
aaaa,bbbb,95003,3,2,1738,235000
aaaa,bbbb,95002,4,3,1926,300000
aaaa,bbbb,95001,3,2,1235,188000
aaaa,bbbb,95000,2,2,1321,255000
aaaa,bbbb,94999,3,3,1380,227000
aaaa,bbbb,94998,3,2,1423,370000
aaaa,bbbb,94997,3,3,2226,315000
aaaa,bbbb,94996,3,3,1248,172000
aaaa,bbbb,94995,3,2,1324,215000
aaaa,bbbb,94994,3,2,1448,210000
aaaa,bbbb,94993,3,2,1768,290000
aaaa,bbbb,94992,3,3,1618,345000
aaaa,bbbb,94991,3,2,1736,240000
aaaa,bbbb,94990,3,4,2400,232000
aaaa,bbbb,94989,3,2,2132,160000
aaaa,bbbb,94988,3,2,1232,311000
aaaa,bbbb,94987,3,2,1968,114000
aaaa,bbbb,94986,4,3,1568,235888
aaaa,bbbb,94985,3,3,2025,228000
aaaa,bbbb,94984,3,2,1544,237000
aaaa,bbbb,94983,4,3,2616,345000
aaaa,bbbb,94982,3,3,1700,230000
aaaa,bbbb,94981,3,3,1279,225000
aaaa,bbbb,94980,3,2,1472,159900
aaaa,bbbb,94979,3,1,1544,185000
aaaa,bbbb,94978,3,3,1632,152000
aaaa,bbbb,94977,3,2,1260,290000
aaaa,bbbb,94976,3,2,1820,224000
aaaa,bbbb,94975,3,3,1398,235000
aaaa,bbbb,94974,3,4,1568,267000
aaaa,bbbb,94973,3,1,1224,154900
aaaa,bbbb,94972,3,3,1869,239900
aaaa,bbbb,94971,3,2,1200,247500
aaaa,bbbb,94970,3,3,1869,239900
aaaa,bbbb,94969,3,2,1392,176000
aaaa,bbbb,94968,3,3,1235,180000
aaaa,bbbb,94967,4,3,1566,290000
aaaa,bbbb,94966,3,2,1260,180000
aaaa,bbbb,94965,3,3,1842,283500
aaaa,bbbb,94964,2,2,1376,215000
aaaa,bbbb,94963,3,4,2632,275000
aaaa,bbbb,94962,3,2,1398,200000
aaaa,bbbb,94961,3,2,1326,290000
aaaa,bbbb,94960,3,3,1921,307500
aaaa,bbbb,94959,3,2,1376,232000
aaaa,bbbb,94958,3,2,1968,250000
aaaa,bbbb,94957,4,4,1768,235000
aaaa,bbbb,94956,3,3,1480,325000
aaaa,bbbb,94955,3,3,1608,351000
aaaa,bbbb,94954,3,1,1218,200000
aaaa,bbbb,94953,3,3,1296,285000
aaaa,bbbb,94952,3,3,1748,295000
aaaa,bbbb,94951,4,3,1343,225000
aaaa,bbbb,94950,3,3,1468,285000
aaaa,bbbb,94949,3,2,1365,128000
aaaa,bbbb,94948,3,3,1220,273000
aaaa,bbbb,94947,3,3,2123,214000
aaaa,bbbb,94946,3,2,1296,190000
aaaa,bbbb,94945,3,2,1234,327000
aaaa,bbbb,94944,3,2,1344,182000
aaaa,bbbb,94943,4,3,2058,165000
aaaa,bbbb,94942,4,2,1406,249500
aaaa,bbbb,94941,2,2,1220,249000
aaaa,bbbb,94940,3,3,1445,207000
aaaa,bbbb,94939,3,2,1470,247500
aaaa,bbbb,94938,3,3,2469,271000
aaaa,bbbb,94937,3,3,1871,264000
aaaa,bbbb,94936,3,2,1466,274900
aaaa,bbbb,94935,3,2,1508,153000
aaaa,bbbb,94934,3,2,1352,205000
aaaa,bbbb,94933,3,3,1244,255000
aaaa,bbbb,94932,3,3,1768,200000
aaaa,bbbb,94931,3,3,2028,336000
aaaa,bbbb,94930,3,2,1512,162750
aaaa,bbbb,94929,4,3,2028,138000
aaaa,bbbb,94928,3,2,1425,280000
aaaa,bbbb,94927,1,2,1376,169000
aaaa,bbbb,94926,3,2,1704,115000
aaaa,bbbb,94925,3,2,1316,205000
aaaa,bbbb,94924,3,4,1346,270000
aaaa,bbbb,94923,3,2,1632,255000
aaaa,bbbb,94922,3,2,2230,430000
aaaa,bbbb,94921,2,2,1660,280000
aaaa,bbbb,94920,3,3,1368,155000
aaaa,bbbb,94919,3,2,1456,185000
aaaa,bbbb,94918,3,4,1232,180000
aaaa,bbbb,94917,4,2,1547,207500
aaaa,bbbb,94916,3,3,1768,234000
aaaa,bbbb,94915,3,3,1494,290000
aaaa,bbbb,94914,4,3,2308,270000
aaaa,bbbb,94913,2,2,1222,100000
aaaa,bbbb,94912,3,2,1512,246000
aaaa,bbbb,94911,3,3,1492,300000
aaaa,bbbb,94910,4,2,1580,284000
aaaa,bbbb,94909,3,2,1284,270000
aaaa,bbbb,94908,3,2,1605,239900
aaaa,bbbb,94907,4,4,2056,367000
aaaa,bbbb,94906,3,1,1278,145000
aaaa,bbbb,94905,3,2,1380,190000
aaaa,bbbb,94904,4,3,2124,260000
aaaa,bbbb,94903,3,3,2432,400000
aaaa,bbbb,94902,4,3,2188,270000
aaaa,bbbb,94901,3,2,1664,200000
aaaa,bbbb,94900,2,1,1286,150000
aaaa,bbbb,94899,3,3,1748,271000
aaaa,bbbb,94898,3,3,1330,250000
aaaa,bbbb,94897,3,2,1288,210000
aaaa,bbbb,94896,3,2,1269,155000
aaaa,bbbb,94895,3,3,1546,375000
aaaa,bbbb,94894,2,3,1918,250000
aaaa,bbbb,94893,3,3,2240,180000
aaaa,bbbb,94892,3,2,1500,198000
aaaa,bbbb,94891,3,2,1282,250000
aaaa,bbbb,94890,3,1,1260,102900
aaaa,bbbb,94889,4,3,1876,365000
aaaa,bbbb,94888,3,1,1344,170000
aaaa,bbbb,94887,3,3,1530,260000
aaaa,bbbb,94886,4,2,1547,226900
aaaa,bbbb,94885,4,3,1263,300000
aaaa,bbbb,94884,2,1,1344,118000
aaaa,bbbb,94883,3,3,1588,281600
aaaa,bbbb,94882,3,3,1536,285000
aaaa,bbbb,94881,4,3,1470,225000
aaaa,bbbb,94880,3,3,1377,369000
aaaa,bbbb,94879,4,2,1542,250000
aaaa,bbbb,94878,3,2,1344,235000
aaaa,bbbb,94877,3,3,1500,239900
aaaa,bbbb,94876,3,2,2574,335000
aaaa,bbbb,94875,3,3,1390,238000
aaaa,bbbb,94874,3,2,1218,136149
aaaa,bbbb,94873,4,3,2240,237500
aaaa,bbbb,94872,3,3,2268,347500
aaaa,bbbb,94871,2,3,1267,190000
aaaa,bbbb,94870,3,2,1440,235000
aaaa,bbbb,94869,4,3,1242,210000
aaaa,bbbb,94868,3,2,1220,225000
aaaa,bbbb,94867,3,3,1274,269100
aaaa,bbbb,94866,3,3,1200,276000
aaaa,bbbb,94865,3,3,1900,221144
aaaa,bbbb,94864,3,2,1470,500000
aaaa,bbbb,94863,3,3,1968,462500
aaaa,bbbb,94862,3,2,1394,470000
aaaa,bbbb,94861,3,3,2128,375000
aaaa,bbbb,94860,4,3,1881,475000
aaaa,bbbb,94859,4,3,1592,395000
aaaa,bbbb,94858,3,3,1789,448360
aaaa,bbbb,94857,3,3,1789,490000
aaaa,bbbb,94856,3,3,1789,449999
aaaa,bbbb,94855,3,3,1789,345256
aaaa,bbbb,94854,3,3,1290,430000
aaaa,bbbb,94853,3,3,1789,345256
aaaa,bbbb,94852,3,3,1789,345256
aaaa,bbbb,94851,3,3,1789,345256
aaaa,bbbb,94850,3,3,1789,345256
aaaa,bbbb,94849,3,3,1789,345256
aaaa,bbbb,94848,3,3,1789,430100
aaaa,bbbb,94847,3,3,1789,412695
aaaa,bbbb,94846,3,3,1789,422885
aaaa,bbbb,94845,3,3,1789,499999
aaaa,bbbb,94844,3,3,1792,395000
aaaa,bbbb,94843,3,3,1789,338818
aaaa,bbbb,94842,3,3,1789,345526
aaaa,bbbb,94841,3,3,1789,345256
aaaa,bbbb,94840,3,3,1789,338818
aaaa,bbbb,94839,3,2,1776,205000
aaaa,bbbb,94838,3,3,1789,345257
aaaa,bbbb,94837,3,3,1789,392315
aaaa,bbbb,94836,3,3,1789,338818
aaaa,bbbb,94835,3,3,1789,345256
aaaa,bbbb,94834,3,3,1789,441000
aaaa,bbbb,94833,3,3,1789,422885
aaaa,bbbb,94832,3,3,1789,345256
aaaa,bbbb,94831,3,3,1789,345500
aaaa,bbbb,94830,3,3,1789,430000
aaaa,bbbb,94829,3,3,1789,489999
aaaa,bbbb,94828,3,3,1789,446322
aaaa,bbbb,94827,3,3,1789,345256
aaaa,bbbb,94826,3,3,1789,400000
aaaa,bbbb,94825,3,3,2469,368000
aaaa,bbbb,94824,1,2,1265,225000
aaaa,bbbb,94823,3,2,1344,250000
aaaa,bbbb,94822,2,2,1878,260000
aaaa,bbbb,94821,4,2,1703,299000
aaaa,bbbb,94820,3,3,1912,296000
aaaa,bbbb,94819,3,2,1220,397900
aaaa,bbbb,94818,3,1,1338,252600
aaaa,bbbb,94817,4,2,1638,201500
aaaa,bbbb,94816,3,2,1526,274900
aaaa,bbbb,94815,3,3,1814,233000
aaaa,bbbb,94814,3,2,1616,215000
aaaa,bbbb,94813,3,2,1454,258900
aaaa,bbbb,94812,3,2,1322,210000
aaaa,bbbb,94811,3,3,1976,259900
aaaa,bbbb,94810,1,2,1265,255000
aaaa,bbbb,94809,3,2,1322,255000
aaaa,bbbb,94808,3,2,1704,258182
aaaa,bbbb,94807,4,2,1372,262000
aaaa,bbbb,94806,3,2,1319,242000
aaaa,bbbb,94805,4,3,3177,420000
aaaa,bbbb,94804,3,2,1574,190000
aaaa,bbbb,94803,3,3,1897,255000
aaaa,bbbb,94802,2,3,1265,257000
aaaa,bbbb,94801,3,2,1548,240000
aaaa,bbbb,94800,2,1,1638,203000
aaaa,bbbb,94799,3,2,1804,344000
aaaa,bbbb,94798,3,3,1200,275000
aaaa,bbbb,94797,3,2,1216,245000
aaaa,bbbb,94796,3,2,1572,256555
aaaa,bbbb,94795,3,3,1780,329000
aaaa,bbbb,94794,3,2,1576,141247
aaaa,bbbb,94793,3,3,1904,272000
aaaa,bbbb,94792,3,3,2474,410000
aaaa,bbbb,94791,3,2,1200,290000
aaaa,bbbb,94790,3,2,1319,207100
aaaa,bbbb,94789,3,3,2074,325000
aaaa,bbbb,94788,3,2,1266,242000
aaaa,bbbb,94787,3,2,1264,243500
aaaa,bbbb,94786,3,3,1216,254000
aaaa,bbbb,94785,3,2,1815,147970
aaaa,bbbb,94784,5,3,3466,320000
aaaa,bbbb,94783,3,2,1762,275000
aaaa,bbbb,94782,3,1,1484,255000
aaaa,bbbb,94781,3,1,1427,202200
aaaa,bbbb,94780,3,2,1782,365000
aaaa,bbbb,94779,3,2,1596,298000
aaaa,bbbb,94778,3,3,1912,280000
aaaa,bbbb,94777,2,1,1360,256500
aaaa,bbbb,94776,3,3,1953,255000
aaaa,bbbb,94775,2,3,1265,264900
aaaa,bbbb,94774,3,3,1232,190000
aaaa,bbbb,94773,4,3,3780,424000
aaaa,bbbb,94772,2,3,1265,250000
aaaa,bbbb,94771,3,2,1559,231000
aaaa,bbbb,94770,3,2,1680,295000
aaaa,bbbb,94769,3,2,1458,269900
aaaa,bbbb,94768,3,2,1458,220000
aaaa,bbbb,94767,3,2,2166,250000
aaaa,bbbb,94766,3,2,1326,222450
aaaa,bbbb,94765,3,3,1216,196500
aaaa,bbbb,94764,3,3,1704,285000
aaaa,bbbb,94763,3,3,1980,432500
aaaa,bbbb,94762,2,2,1638,230000
aaaa,bbbb,94761,4,3,1964,318000
aaaa,bbbb,94760,3,1,1422,309000
aaaa,bbbb,94759,4,1,2100,172000
aaaa,bbbb,94758,3,2,2116,217500
aaaa,bbbb,94757,3,1,3282,480000
aaaa,bbbb,94756,3,3,1716,260000
aaaa,bbbb,94755,3,3,1624,249900
aaaa,bbbb,94754,4,3,2442,423500
aaaa,bbbb,94753,3,3,1875,235000
aaaa,bbbb,94752,3,3,1200,215000
aaaa,bbbb,94751,4,3,1380,295000
aaaa,bbbb,94750,1,2,1265,189000
aaaa,bbbb,94749,3,3,1988,307000
aaaa,bbbb,94748,3,2,1250,215000
aaaa,bbbb,94747,3,2,1319,255000
aaaa,bbbb,94746,3,2,1454,257500
aaaa,bbbb,94745,2,2,1654,250000
aaaa,bbbb,94744,3,3,1440,215000
aaaa,bbbb,94743,3,2,1512,250000
aaaa,bbbb,94742,3,3,2307,340000
aaaa,bbbb,94741,3,2,1986,265000
aaaa,bbbb,94740,3,2,2074,352000
aaaa,bbbb,94739,3,1,1721,135000
aaaa,bbbb,94738,2,3,1265,301940
aaaa,bbbb,94737,3,3,1720,240000
aaaa,bbbb,94736,3,2,1810,195000
aaaa,bbbb,94735,1,2,1440,300000
aaaa,bbbb,94734,3,3,2308,349900
aaaa,bbbb,94733,3,1,1779,260000
aaaa,bbbb,94732,3,2,1666,213000
aaaa,bbbb,94731,3,2,1746,300000
aaaa,bbbb,94730,4,3,2072,345000
aaaa,bbbb,94729,3,2,1306,282000
aaaa,bbbb,94728,2,2,1200,255000
aaaa,bbbb,94727,4,3,2660,380000
aaaa,bbbb,94726,3,2,2074,338500
aaaa,bbbb,94725,3,2,2194,329000
aaaa,bbbb,94724,3,2,1728,220000
aaaa,bbbb,94723,4,3,1841,340000
aaaa,bbbb,94722,4,2,1386,219900
aaaa,bbbb,94721,4,3,2086,255000
aaaa,bbbb,94720,3,3,1872,310000
aaaa,bbbb,94719,3,2,1818,295000
aaaa,bbbb,94718,3,2,1584,239000
aaaa,bbbb,94717,3,2,1680,326000
aaaa,bbbb,94716,3,2,1596,262000
aaaa,bbbb,94715,3,2,1572,255000
aaaa,bbbb,94714,3,2,1825,275000
aaaa,bbbb,94713,3,2,1680,320000
aaaa,bbbb,94712,3,2,1704,279998
aaaa,bbbb,94711,3,3,1306,250000
aaaa,bbbb,94710,3,2,1454,268000
aaaa,bbbb,94709,1,2,1265,219900
aaaa,bbbb,94708,4,3,1964,315000
aaaa,bbbb,94707,4,3,2021,369900
aaaa,bbbb,94706,3,2,1474,230000
aaaa,bbbb,94705,2,3,1265,265000
aaaa,bbbb,94704,3,2,1454,114258
aaaa,bbbb,94703,4,2,2238,330000
aaaa,bbbb,94702,3,1,2460,355000
aaaa,bbbb,94701,2,1,1638,275000
aaaa,bbbb,94700,3,2,1454,235000
aaaa,bbbb,94699,3,2,1454,226500
aaaa,bbbb,94698,3,2,1454,244900
aaaa,bbbb,94697,3,2,1526,320000
aaaa,bbbb,94696,3,2,1976,295000
aaaa,bbbb,94695,3,2,2238,304000
aaaa,bbbb,94694,3,3,2190,275000
aaaa,bbbb,94693,3,3,1916,295000
aaaa,bbbb,94692,3,2,1488,211000
aaaa,bbbb,94691,3,2,1488,190000
aaaa,bbbb,94690,3,2,1612,277000
aaaa,bbbb,94689,4,3,2460,365000
aaaa,bbbb,94688,3,3,1780,296000
aaaa,bbbb,94687,3,2,2064,274900
aaaa,bbbb,94686,3,2,2873,395000
aaaa,bbbb,94685,3,3,1333,290000
aaaa,bbbb,94684,3,3,1754,290000
aaaa,bbbb,94683,3,2,1526,210299
aaaa,bbbb,94682,3,2,1584,250000
aaaa,bbbb,94681,3,3,1868,250000
aaaa,bbbb,94680,3,3,2190,320000
aaaa,bbbb,94679,3,2,1436,202000
aaaa,bbbb,94678,3,2,1968,248000
aaaa,bbbb,94677,4,3,2075,317000
aaaa,bbbb,94676,2,2,1265,249000
aaaa,bbbb,94675,3,2,1596,345000
aaaa,bbbb,94674,3,3,2190,260000
aaaa,bbbb,94673,3,2,1500,270000
aaaa,bbbb,94672,3,2,1296,170000
aaaa,bbbb,94671,3,3,2072,268000
aaaa,bbbb,94670,3,2,1680,285000
aaaa,bbbb,94669,3,3,1723,240000
aaaa,bbbb,94668,3,2,1368,153000
aaaa,bbbb,94667,3,3,2190,310000
aaaa,bbbb,94666,4,3,2216,340000
aaaa,bbbb,94665,2,2,1920,224000
aaaa,bbbb,94664,3,3,2128,235000
aaaa,bbbb,94663,3,2,1532,314900
aaaa,bbbb,94662,2,2,1638,210000
aaaa,bbbb,94661,3,3,1916,275000
aaaa,bbbb,94660,3,2,1801,294900
aaaa,bbbb,94659,3,3,1668,270000
aaaa,bbbb,94658,2,3,1265,225000
aaaa,bbbb,94657,3,3,1780,305000
aaaa,bbbb,94656,3,2,1512,250000
aaaa,bbbb,94655,3,3,2521,430000
aaaa,bbbb,94654,3,2,1844,270000
aaaa,bbbb,94653,2,3,1265,235000
aaaa,bbbb,94652,3,2,1488,245000
aaaa,bbbb,94651,3,2,1458,248900
aaaa,bbbb,94650,3,2,1521,192000
aaaa,bbbb,94649,3,3,1841,295000
aaaa,bbbb,94648,3,3,2084,308000
aaaa,bbbb,94647,2,2,1654,299000
aaaa,bbbb,94646,3,3,2560,409000
aaaa,bbbb,94645,3,3,1841,235000
aaaa,bbbb,94644,3,2,1296,245000
aaaa,bbbb,94643,3,2,1652,185000
aaaa,bbbb,94642,2,2,1221,265000
aaaa,bbbb,94641,3,2,1454,249000
aaaa,bbbb,94640,2,2,2277,273000
aaaa,bbbb,94639,4,3,1834,285000
aaaa,bbbb,94638,3,3,2297,360000
aaaa,bbbb,94637,2,2,1638,229900
aaaa,bbbb,94636,3,3,1904,307000
aaaa,bbbb,94635,3,1,1682,285000
aaaa,bbbb,94634,4,3,1841,315000
aaaa,bbbb,94633,3,2,1547,245000
aaaa,bbbb,94632,3,2,1264,298000
aaaa,bbbb,94631,3,2,1274,290000
aaaa,bbbb,94630,2,2,1966,269575
aaaa,bbbb,94629,3,3,2014,119900
aaaa,bbbb,94628,3,2,1296,213000
aaaa,bbbb,94627,3,2,1976,320000
aaaa,bbbb,94626,3,2,1380,245000
aaaa,bbbb,94625,3,3,1288,300000
aaaa,bbbb,94624,3,2,2254,274900
aaaa,bbbb,94623,3,3,1248,289900
aaaa,bbbb,94622,3,2,1490,207500
aaaa,bbbb,94621,3,3,2190,340000
aaaa,bbbb,94620,4,3,2248,280000
aaaa,bbbb,94619,3,3,2012,314000
aaaa,bbbb,94618,3,2,1466,231000
aaaa,bbbb,94617,3,2,1319,262000
aaaa,bbbb,94616,1,2,1265,250000
aaaa,bbbb,94615,4,3,3570,315000
aaaa,bbbb,94614,3,3,2800,400000
aaaa,bbbb,94613,3,3,1200,248000
aaaa,bbbb,94612,4,3,1865,340000
aaaa,bbbb,94611,3,2,1319,259900
aaaa,bbbb,94610,4,3,2381,265000
aaaa,bbbb,94609,4,3,1834,257000
aaaa,bbbb,94608,3,3,1716,260000
aaaa,bbbb,94607,3,1,1459,199900
aaaa,bbbb,94606,3,2,1549,229000
aaaa,bbbb,94605,3,2,1440,111500
aaaa,bbbb,94604,3,3,2138,330000
aaaa,bbbb,94603,3,2,1232,245000
aaaa,bbbb,94602,4,4,2456,345000
aaaa,bbbb,94601,3,2,1604,270890
aaaa,bbbb,94600,3,3,1704,334900
aaaa,bbbb,94599,3,2,1768,300000
aaaa,bbbb,94598,4,3,2111,328000
aaaa,bbbb,94597,3,3,1960,200000
aaaa,bbbb,94596,3,2,1588,200000
aaaa,bbbb,94595,1,2,1265,232500
aaaa,bbbb,94594,2,3,1265,295000
aaaa,bbbb,94593,3,2,1319,255000
aaaa,bbbb,94592,3,2,1704,264900
aaaa,bbbb,94591,2,2,1695,138000
aaaa,bbbb,94590,3,2,2070,305000
aaaa,bbbb,94589,3,3,2560,385000
aaaa,bbbb,94588,3,2,1298,159500
aaaa,bbbb,94587,3,3,1841,329000
aaaa,bbbb,94586,3,2,1539,185000
aaaa,bbbb,94585,4,1,1851,277000
aaaa,bbbb,94584,4,3,2434,430000
aaaa,bbbb,94583,3,2,1319,237000
aaaa,bbbb,94582,3,3,2138,293000
aaaa,bbbb,94581,3,3,2058,320000
aaaa,bbbb,94580,4,3,2172,120000
aaaa,bbbb,94579,3,3,2154,292000
aaaa,bbbb,94578,3,2,1319,240000
aaaa,bbbb,94577,3,3,2190,359900
aaaa,bbbb,94576,4,3,2157,289000
aaaa,bbbb,94575,3,3,1841,325000
aaaa,bbbb,94574,3,2,1559,295000
aaaa,bbbb,94573,3,2,1319,245000
aaaa,bbbb,94572,3,2,1488,220000
aaaa,bbbb,94571,2,2,1365,205000
aaaa,bbbb,94570,4,3,2021,268000
aaaa,bbbb,94569,3,2,1667,255000
aaaa,bbbb,94568,3,1,1226,182500
aaaa,bbbb,94567,3,3,1841,310500
aaaa,bbbb,94566,3,2,1730,295000
aaaa,bbbb,94565,3,3,1743,309000
aaaa,bbbb,94564,3,2,1344,185500
aaaa,bbbb,94563,3,2,1680,299000
aaaa,bbbb,94562,3,2,2070,318000
aaaa,bbbb,94561,3,1,1515,172500
aaaa,bbbb,94560,3,2,1234,315000
aaaa,bbbb,94559,3,3,2190,270000
aaaa,bbbb,94558,3,2,1624,275000
aaaa,bbbb,94557,3,3,1306,265000
aaaa,bbbb,94556,3,2,1976,325000
aaaa,bbbb,94555,3,2,1896,345000
aaaa,bbbb,94554,3,2,1847,171799
aaaa,bbbb,94553,3,2,1319,239900
aaaa,bbbb,94552,1,2,1754,174900
aaaa,bbbb,94551,3,3,1642,318000
aaaa,bbbb,94550,3,2,1751,250000
aaaa,bbbb,94549,3,3,1232,275000
aaaa,bbbb,94548,4,3,1834,265000
aaaa,bbbb,94547,3,2,2070,302000
aaaa,bbbb,94546,3,2,2070,308000
aaaa,bbbb,94545,4,3,1841,310000
aaaa,bbbb,94544,4,3,2021,325000
aaaa,bbbb,94543,4,3,1834,265000
aaaa,bbbb,94542,3,2,1300,212000
aaaa,bbbb,94541,4,3,2021,355000
aaaa,bbbb,94540,4,3,2021,321900
aaaa,bbbb,94539,3,3,2508,325000
aaaa,bbbb,94538,2,3,1926,278000
aaaa,bbbb,94537,3,1,1386,159900
aaaa,bbbb,94536,3,2,1498,220000
aaaa,bbbb,94535,3,2,1559,219000
aaaa,bbbb,94534,4,2,1575,210000
aaaa,bbbb,94533,3,3,1392,222500
aaaa,bbbb,94532,3,3,1680,228500
aaaa,bbbb,94531,3,3,1680,225000
aaaa,bbbb,94530,3,2,1825,254000
aaaa,bbbb,94529,3,2,1559,106555
aaaa,bbbb,94528,3,2,1559,195000
aaaa,bbbb,94527,3,2,1559,190000
aaaa,bbbb,94526,3,3,2357,240000
aaaa,bbbb,94525,3,3,1680,209200
aaaa,bbbb,94524,4,2,1716,259999
aaaa,bbbb,94523,3,2,1290,174000
aaaa,bbbb,94522,3,3,1480,199900
aaaa,bbbb,94521,3,2,1248,149500
aaaa,bbbb,94520,3,2,1559,153300
aaaa,bbbb,94519,3,2,1340,155000
aaaa,bbbb,94518,3,2,1572,227500
aaaa,bbbb,94517,3,1,1200,220000
aaaa,bbbb,94516,3,3,1400,190000
aaaa,bbbb,94515,3,2,1392,180000
aaaa,bbbb,94514,2,1,1512,135000
aaaa,bbbb,94513,3,3,1902,230000
aaaa,bbbb,94512,2,2,1893,191000
aaaa,bbbb,94511,3,2,1215,150000
aaaa,bbbb,94510,3,3,1248,210000
aaaa,bbbb,94509,3,2,1392,201000
aaaa,bbbb,94508,3,2,1559,260000
aaaa,bbbb,94507,3,2,1559,239900
aaaa,bbbb,94506,3,2,1410,245000
aaaa,bbbb,94505,3,2,1332,150000
aaaa,bbbb,94504,3,2,1267,233400
aaaa,bbbb,94503,3,2,1656,185000
aaaa,bbbb,94502,3,3,1392,220000
aaaa,bbbb,94501,4,3,2280,330000
aaaa,bbbb,94500,3,2,1559,207500
aaaa,bbbb,94499,3,3,1392,189000
aaaa,bbbb,94498,3,3,1392,222500
aaaa,bbbb,94497,3,2,1392,181000
aaaa,bbbb,94496,3,3,1392,216000
aaaa,bbbb,94495,3,2,1276,224600
aaaa,bbbb,94494,3,3,1569,215000
aaaa,bbbb,94493,3,2,1248,125000
aaaa,bbbb,94492,3,2,1614,168000
aaaa,bbbb,94491,3,2,1340,133000
aaaa,bbbb,94490,3,3,1392,150000
aaaa,bbbb,94489,3,2,1392,194000
aaaa,bbbb,94488,3,2,1404,155000
aaaa,bbbb,94487,3,3,1432,230900
aaaa,bbbb,94486,3,3,1560,285000
aaaa,bbbb,94485,4,3,2308,184900
aaaa,bbbb,94484,4,3,1734,230000
aaaa,bbbb,94483,3,2,2355,300000
aaaa,bbbb,94482,3,2,1536,235000
aaaa,bbbb,94481,3,3,1305,190000
aaaa,bbbb,94480,2,2,1376,215000
aaaa,bbbb,94479,3,3,1440,246000
aaaa,bbbb,94478,4,2,1734,235000
aaaa,bbbb,94477,3,2,1559,190000
aaaa,bbbb,94476,2,1,1323,144900
aaaa,bbbb,94475,3,2,1762,215000
aaaa,bbbb,94474,3,2,1830,218000
aaaa,bbbb,94473,3,2,1559,192000
aaaa,bbbb,94472,3,3,1478,257000
aaaa,bbbb,94471,3,3,1392,220000
aaaa,bbbb,94470,3,2,1559,199900
aaaa,bbbb,94469,3,2,1559,180000
aaaa,bbbb,94468,3,2,1559,185000
aaaa,bbbb,94467,3,3,1568,185000
aaaa,bbbb,94466,3,3,1260,175000
aaaa,bbbb,94465,3,2,1248,229999